﻿<?xml version="1.0" encoding="utf-8"?>
<Windows size="600,390" position="center">
<!-- 进度 -->
  <VerticalLayout >

    <VerticalLayout width="250" height="250" roundcorner="5,5" bkimage="file='form\anime.png'">

	</VerticalLayout>
	<VerticalLayout bkcolor="#FFFFFFFF" >

	<Control height="60" />
	<Slider name="slrUnInstProgress" padding="30,0,30,0" height="3" mouse="false" foreimage="form\fg.png" bkimage="form\bg.png" thumbsize="0,0" bkcolor="#FFD8D8D8"  />
	<HorizontalLayout height="20" padding="30,5,0,0">
	<Label font="0" name="un_progress_tip" width="100" textcolor="#ff555555" text="正在卸载" />
	<Control />
	<Label font="0" name="un_progress_pos" width="60" textalign="right" textcolor="#ff555555" />
	</HorizontalLayout>
	<Control />

	</VerticalLayout>
	</VerticalLayout>
</Windows>